first_name,middle_name,last_name,age,sex,province,city,barangay,street,contact_number,email,procedure
Andrea,Sheere,Hakking,3,Male,Quezon,Lucena City,Barangay 5 (Poblacion),7 PROMENADE GERMAINE SABLON,8592259479,ahakking0@msu.edu,Obstetric
Antin,Weddeburn,Van der Spohr,79,Male,Tiaong,Lucena City,Barangay 10 (Poblacion),"VIA VALLE AURINA, 20",7528265748,avanderspohr1@youku.com,Breast
Tori,Hixley,Bickerton,48,Female,Burdeos,Lucena City,Barangay 4 (Poblacion),PO BOX 137,8575954598,tbickerton2@pbs.org,Breast
Lyell,Vose,Niles,22,Male,Candelaria,Lucena City,Mayao Silangan,PO BOX 26158,5900159191,lniles3@domainmarket.com,Obstetric
Ulrick,Jacketts,Hiland,39,Male,Mulanay,Lucena City,Ilayang Dupay,Jogailos g. 4,2152318102,uhiland4@blogtalkradio.com,Breast
Orin,McGonigle,Perillio,71,Male,Sampaloc,Lucena City,Isabang,333 E MAIN ST,8602068115,operillio5@ca.gov,Obstetric
Robinia,Sneller,Levesley,79,Female,Gumaca,Lucena City,Domoit,60 LIVINGSTON,7457832394,rlevesley6@newsvine.com,Breast
Durante,Vanezis,Tootin,38,Bigender,Mulanay,Lucena City,Domoit,PIAZZA FILIPPO MEDA 4,8538566717,dtootin7@xing.com,Thyroid
Bartolomeo,Hammant,Trusler,94,Male,Real,Lucena City,Barangay 11 (Poblacion),"Hoveniersstraat, 29",9355745842,btrusler8@google.ru,Obstetric
Brok,Swinburn,Mussotti,26,Male,Panukulan,Lucena City,Gulang-Gulang,PIAZZA FILIPPO MEDA 4,2921182386,bmussotti9@boston.com,Thyroid
Jefferson,Chace,Haggard,6,Male,Pitogo,Lucena City,Barangay 10 (Poblacion),Ortsmitte 4,9447442315,jhaggarda@t-online.de,Abdominal
Stanislaw,Megarrell,Ferrie,78,Male,Mauban,Lucena City,Barangay 4 (Poblacion),"Hauptplatz, 12",6237216863,sferrieb@edublogs.org,Pelvic
Rivy,Pippard,Cornels,91,Genderqueer,General Luna,Lucena City,Ransohan,P.O. BOX 1377,6786386520,rcornelsc@theglobeandmail.com,Pelvic
Bride,Seligson,Chadbourne,17,Female,General Nakar,Lucena City,Barangay 11 (Poblacion),333 E. MAIN STREET,5204597247,bchadbourned@pbs.org,Pelvic
Matthus,Lillow,Maddrah,67,Male,Macalelon,Lucena City,Mayao Castillo,P O BOX 393,2031130439,mmaddrahe@slashdot.org,Obstetric
Erminie,Fealty,Buncher,34,Female,Guinayangan,Lucena City,Barangay 9 (Poblacion),0 20 avenue Franklin Roosevelt,6261899363,ebuncherf@princeton.edu,Obstetric
Morley,Skirlin,Tubridy,49,Male,San Andres,Lucena City,Barangay 4 (Poblacion),SUITE 5,3132295604,mtubridyg@yelp.com,Abdominal
Sherlocke,Harverson,Golborn,84,Male,Dolores,Lucena City,Barangay 7 (Poblacion),"PZ SANTO DOMINGO, 24",2533404772,sgolbornh@mysql.com,Breast
Eileen,Limprecht,Benedetti,57,Female,Burdeos,Lucena City,Barangay 7 (Poblacion),8770 TESORO DRIVE,5655377683,ebenedettii@elpais.com,Breast
Dasya,Jowett,Duck,33,Female,Pagbilao,Lucena City,Ilayang Dupay,1 TALLMAN RD,2683594186,dduckj@opensource.org,Breast
Alica,Conduit,Canfield,41,Female,San Andres,Lucena City,Barangay 2 (Poblacion),SUITE,7018533562,acanfieldk@japanpost.jp,Obstetric
Janaya,Leel,Pole,80,Female,Real,Lucena City,Gulang-Gulang,80 SUGAR CREEK CENTER BLVD.,2721159674,jpolel@yale.edu,Breast
Norbert,Gaggen,Bizzey,9,Male,General Nakar,Lucena City,Barangay 10 (Poblacion),8770 TESORO DRIVE,7739773573,nbizzeym@wikispaces.com,Pelvic
Evangelin,Gauthorpp,Raftery,9,Female,Real,Lucena City,Market View,24010 PARTNERSHIP BLVD,2024004547,erafteryn@aboutads.info,Breast
Sharona,Gudd,Trenaman,58,Non-binary,Perez,Lucena City,Ransohan,110 S FERRAL STREET,4515209159,strenamano@slashdot.org,Abdominal
Yolane,Attride,Lowensohn,53,Female,Guinayangan,Lucena City,Ibabang Iyam,"Pz de San Nicolás, 4",2797816013,ylowensohnp@archive.org,Breast
Shay,Laxton,Hudson,87,Male,Burdeos,Lucena City,Barangay 5 (Poblacion),PO BOX 4748,2908091461,shudsonq@hibu.com,Pelvic
Giustina,Cheatle,Goodsall,46,Female,Sampaloc,Lucena City,Barangay 5 (Poblacion),205 S SUMMIT,3169090453,ggoodsallr@nifty.com,Thyroid
Marmaduke,Fuller,Rittmeier,56,Male,Atimonan,Lucena City,Ransohan,Taunusanlage 12,0052815528,mrittmeiers@go.com,Thyroid
Marijo,Coldtart,Aleswell,93,Agender,San Francisco,Lucena City,Barangay 4 (Poblacion),Breite Straße 18-28,5200516099,maleswellt@ted.com,Abdominal
Mitchael,Bartolomeu,Gatheridge,39,Male,Gumaca,Lucena City,Barangay 6 (Poblacion),PIAZZA FILIPPO MEDA 4,5219860658,mgatheridgeu@simplemachines.org,Thyroid
Siana,Novelli,Clyant,50,Female,Gumaca,Lucena City,Ibabang Iyam,VA2-430-01-01,2511901986,sclyantv@independent.co.uk,Obstetric
Charlena,Minshull,Thow,28,Female,Gumaca,Lucena City,Mayao Castillo,"Stockerauerstr., 8-10",6926713464,cthoww@wsj.com,Obstetric
Heath,Messiter,Meaders,74,Bigender,Pitogo,Lucena City,Barra,ROUTE DE PARIS,5157830866,hmeadersx@webnode.com,Pelvic
Allyn,Witherdon,Kobelt,20,Male,Quezon,Lucena City,Mayao Parada,10TH FLOOR,6074129274,akobelty@sphinn.com,Abdominal
Theressa,Noone,Antuk,26,Bigender,Tayabas City,Lucena City,Barangay 11 (Poblacion),195 MARKET STREET,3030807401,tantukz@bluehost.com,Thyroid
Karisa,Olivella,Imlock,29,Female,Plaridel,Lucena City,Talao-Talao .,"TOUR OXYGENE, 10 BOULEVARD MARIUS VIVIER MERLE",1644955199,kimlock10@slate.com,Breast
Red,Cregg,Ledwidge,20,Polygender,Mauban,Lucena City,Mayao Silangan,PIAZZA FILIPPO MEDA 4,4434847961,rledwidge11@wunderground.com,Obstetric
Carey,Inkle,Blinco,45,Female,General Luna,Lucena City,Barangay 6 (Poblacion),ul. Grzybowska 81,9517140231,cblinco12@constantcontact.com,Breast
Evered,Jaffray,Bowden,94,Male,San Andres,Lucena City,Salinas,1620 DODGE STREET,2073030513,ebowden13@moonfruit.com,Breast
Malynda,McCafferky,Minchella,49,Female,Atimonan,Lucena City,Barangay 9 (Poblacion),111 S. CASAVER AVE.,5623209025,mminchella14@reddit.com,Obstetric
Jennie,Matthesius,Bowland,45,Female,Polillo,Lucena City,Ibabang Iyam,PIAZZA FILIPPO MEDA 4,3352456895,jbowland15@cisco.com,Breast
Peter,Titley,Garwell,88,Male,Tagkawayan,Lucena City,Cotta,"VIA BENIGNO CRESPI, 23",9558911100,pgarwell16@reference.com,Breast
Hadrian,Gounet,Dowbekin,96,Male,Agdangan,Lucena City,Barangay 3 (Poblacion),"Main Street, Manorhamilton,",8131396878,hdowbekin17@hud.gov,Thyroid
Oriana,Robotham,Prazor,14,Female,Quezon,Lucena City,Barangay 5 (Poblacion),ACH DEPARTMENT,2362380947,oprazor18@t-online.de,Thyroid
Darbee,Caraher,Mantle,1,Male,Agdangan,Lucena City,Barangay 5 (Poblacion),202 SOUTH FIRST,2624307559,dmantle19@abc.net.au,Obstetric
Cassaundra,Elener,Mallindine,63,Female,San Narciso,Lucena City,Ibabang Iyam,"VIA SOPERGA, 9",8953862256,cmallindine1a@unicef.org,Thyroid
Waylon,Warlawe,Justham,98,Male,Macalelon,Lucena City,Ilayang Dupay,"Warandeberg, 3",6911354153,wjustham1b@deviantart.com,Abdominal
Lew,Knivett,Ingon,41,Male,Perez,Lucena City,Mayao Kanluran,"Ps de la Habana, 74",9952075197,lingon1c@washingtonpost.com,Breast
Jill,McNally,Aires,28,Female,Sampaloc,Lucena City,Barangay 11 (Poblacion),200 WEST CONGRESS STREET,3024731792,jaires1d@businesswire.com,Thyroid
Alphard,Vicent,Kuban,85,Male,Lopez,Lucena City,Barangay 1 (Poblacion),Rothenfelsstraße 9-11,2441152793,akuban1e@issuu.com,Breast
Giustino,Shay,Hannigane,17,Male,Atimonan,Lucena City,Barangay 8 (Poblacion),5420 BROAD STREET SOUTH,1746622903,ghannigane1f@telegraph.co.uk,Obstetric
Emmaline,Hubberstey,Wrigley,72,Female,Guinayangan,Lucena City,Barangay 4 (Poblacion),P.O. BOX 87003,2277270644,ewrigley1g@tripadvisor.com,Pelvic
Richmond,Eddisforth,Dowry,72,Male,Catanauan,Lucena City,Ilayang Dupay,Lindenstraße 32,1109917899,rdowry1h@google.pl,Thyroid
Natale,Pfaff,Sibille,8,Male,Mauban,Lucena City,Barangay 4 (Poblacion),1200 E. WARRENVILLE RD,3189024545,nsibille1i@yellowpages.com,Thyroid
Ermin,Kiddy,Wisbey,37,Male,Gumaca,Lucena City,Mayao Crossing,Osterstraße 96,2668150191,ewisbey1j@yolasite.com,Abdominal
Georgeta,O'Lynn,Halgarth,40,Genderqueer,Burdeos,Lucena City,Market View,200 WEST CONGRESS STREET,0386729174,ghalgarth1k@wunderground.com,Thyroid
Demott,Simko,Severns,79,Male,Real,Lucena City,Barra,LOCATOR 5138,6769993643,dseverns1l@webeden.co.uk,Thyroid
Marven,Pauleit,McPeeters,76,Male,Mulanay,Lucena City,Ilayang Iyam,5900 LA PLACE COURT  SUITE 200,0075039826,mmcpeeters1m@spotify.com,Pelvic
Odelia,Longhorne,Littler,52,Female,Jomalig,Lucena City,Salinas,8001  VILLA PARK DRIVE,7081521215,olittler1n@businessinsider.com,Abdominal
Marc,Mariet,McGurgan,29,Male,Lucena City,Lucena City,Mayao Silangan,"Paldau, 40",8782870063,mmcgurgan1o@naver.com,Abdominal
Ardella,Brownbill,Giampietro,55,Female,Alabat,Lucena City,Barangay 9 (Poblacion),202 JACKSON ST,0367807726,agiampietro1p@360.cn,Pelvic
Emilee,Hathaway,Grey,65,Female,San Antonio,Lucena City,Market View,"VIA MADONNA DEL SUFFRAGIO, 22",6272493525,egrey1q@pcworld.com,Obstetric
Bourke,Rhyme,Mixer,7,Male,Lopez,Lucena City,Market View,"The Square, Claremorris,",3230942876,bmixer1r@oracle.com,Pelvic
Calla,Merring,Tulip,84,Female,Catanauan,Lucena City,Barangay 9 (Poblacion),80 SUGAR CREEK CENTER BLVD,8343633970,ctulip1s@squarespace.com,Breast
Anastasie,Dansie,Hooban,62,Female,Padre Burgos,Lucena City,Barangay 2 (Poblacion),Kufsteiner Straße 1-5,1111786437,ahooban1t@nasa.gov,Pelvic
Darrell,Campion,Earsman,78,Male,Quezon,Lucena City,Mayao Kanluran,EA2W40,5101164739,dearsman1u@facebook.com,Pelvic
Brannon,Bradly,Barkess,59,Male,Tayabas City,Lucena City,Barangay 5 (Poblacion),2ND FLOOR,5564729994,bbarkess1v@psu.edu,Abdominal
Fina,Bonifant,Ratledge,19,Female,Lopez,Lucena City,Barra,WEST HIGHWAY 169,7275091453,fratledge1w@state.tx.us,Pelvic
Beryl,Cranmer,Kyttor,58,Female,Perez,Lucena City,Barangay 3 (Poblacion),MAC N9301-041,3476756963,bkyttor1x@newyorker.com,Breast
Boris,Quinnell,Dymock,88,Male,San Antonio,Lucena City,Ransohan,Hamnbanegatan 5,5697887167,bdymock1y@comsenz.com,Obstetric
Jeremy,Benitez,Pack,1,Male,San Narciso,Lucena City,Barangay 10 (Poblacion),P O BOX 3619,4265489273,jpack1z@samsung.com,Thyroid
Lek,Bram,Broady,16,Male,Buenavista,Lucena City,Ransohan,CORSO MATTEOTTI 2A,5698575789,lbroady20@wikia.com,Breast
Johny,Abells,Rieme,73,Male,Burdeos,Lucena City,Talao-Talao .,"9300 FLAIR DRIVE, 4TH FLOOR",3968591577,jrieme21@ftc.gov,Pelvic
Rosaleen,Gladtbach,Holdey,8,Non-binary,Tiaong,Lucena City,Mayao Castillo,PIAZZA FILIPPO MEDA 4,4583485441,rholdey22@theatlantic.com,Pelvic
Erv,Conkie,Underdown,33,Male,Burdeos,Lucena City,Barangay 10 (Poblacion),"Douglas West, Douglas,",6580804025,eunderdown23@wsj.com,Abdominal
Martino,Izac,Chesshire,15,Male,Plaridel,Lucena City,Mayao Crossing,Weserstraße 60,0666042462,mchesshire24@qq.com,Abdominal
Izak,Cosbee,Liger,20,Male,Perez,Lucena City,Salinas,Neue Mainzer Straße 52-58 (MAIN TOWER),3279880599,iliger25@unesco.org,Obstetric
Rickey,Shirtcliffe,Dawbery,7,Male,General Luna,Lucena City,Ransohan,"Pç. D. João I, 28",4047266752,rdawbery26@apache.org,Abdominal
Clevie,Goldup,Marjoram,39,Male,Tayabas City,Lucena City,Barra,ATTN: ELECTRONIC SERVICES,6989381000,cmarjoram27@surveymonkey.com,Obstetric
Raff,Jeyness,Laval,68,Male,Plaridel,Lucena City,Barangay 10 (Poblacion),P O BOX 660,5459776457,rlaval28@scribd.com,Breast
Sara-ann,Pol,Kollatsch,76,Female,San Antonio,Lucena City,Isabang,Calea Dorobanților nr.30-36,1765380170,skollatsch29@xinhuanet.com,Breast
Mile,Garvagh,Battany,33,Male,Infanta,Lucena City,Ibabang Iyam,1200 E. WARRENVILLE RD,5098211115,mbattany2a@imdb.com,Thyroid
Sarajane,Pool,Jonke,90,Female,Agdangan,Lucena City,Ibabang Iyam,4140 EAST STATE STREET,4320726421,sjonke2b@psu.edu,Breast
Marylou,Corderoy,Lathleiffure,98,Female,Patnanungan,Lucena City,Barangay 1 (Poblacion),Gifhorner Straße 57,0717090191,mlathleiffure2c@rediff.com,Breast
Lenard,Henderson,Berthomier,38,Male,Catanauan,Lucena City,Barangay 10 (Poblacion),1700 N LINCOLN AVE,5697504896,lberthomier2d@pcworld.com,Obstetric
Darleen,Wheelband,Manchester,23,Female,Catanauan,Lucena City,Mayao Kanluran,Kivinanstraße 11,4556693659,dmanchester2e@spiegel.de,Abdominal
Neale,Mundee,Sinderland,44,Male,Calauag,Lucena City,Dalahican,P7-PFSC-03-H,4294484659,nsinderland2f@cocolog-nifty.com,Obstetric
Rodolph,Scraggs,Ivanyushkin,60,Male,Tiaong,Lucena City,Barangay 9 (Poblacion),Marktstraße 36,4311005954,rivanyushkin2g@msn.com,Obstetric
Ely,Cano,Roby,62,Male,Alabat,Lucena City,Barangay 7 (Poblacion),"Hauptplatz, 31",2190912555,eroby2h@google.ca,Pelvic
Maribel,Horlick,Greaterex,98,Female,Perez,Lucena City,Domoit,"2285 LAKESHORE DRIVE, BUILDING 4",7812392821,mgreaterex2i@imdb.com,Breast
Sigrid,Pickles,Casburn,30,Female,Mulanay,Lucena City,Mayao Crossing,200 NORTH MAIN STREET,5195430004,scasburn2j@smh.com.au,Abdominal
Rafaelita,Schuricke,Roebottom,45,Female,Buenavista,Lucena City,Talao-Talao .,P.O. BOX 7,5811311060,rroebottom2k@example.com,Abdominal
Guinevere,Eddicott,Bagster,22,Female,Mulanay,Lucena City,Dalahican,2430 MALL DRIVE,7493728372,gbagster2l@gov.uk,Breast
Nathanial,Ovitts,Gilmore,78,Male,Quezon,Lucena City,Ilayang Talim,"7, Sveta Nedelya Sq.",1121955983,ngilmore2m@cornell.edu,Breast
Goraud,Archdeacon,Manville,59,Male,Polillo,Lucena City,Barangay 10 (Poblacion),400 RELLA BLVD,7304493224,gmanville2n@goo.ne.jp,Thyroid
Christophe,Haugeh,Gosenell,10,Male,Jomalig,Lucena City,Domoit,P.O. BOX 85139,1341518051,cgosenell2o@mit.edu,Abdominal
Cathee,Bunch,Muskett,87,Female,Perez,Lucena City,Barangay 4 (Poblacion),324 N 4TH STREET,4082234284,cmuskett2p@marketwatch.com,Pelvic
Cybil,Matteacci,Sallenger,50,Non-binary,Lucena City,Lucena City,Barangay 9 (Poblacion),"Kirchplatz, 10",1025387716,csallenger2q@cornell.edu,Obstetric
Andriette,Casetti,Frowde,1,Female,Pitogo,Lucena City,Dalahican,PO BOX 362708,0675117941,afrowde2r@omniture.com,Abdominal
Aurel,Cud,Muff,69,Female,Padre Burgos,Lucena City,Barangay 2 (Poblacion),24 SECOND AVENUE,4520560284,amuff2s@loc.gov,Pelvic
Hildegarde,Sturzaker,Kaye,22,Non-binary,Mauban,Lucena City,Mayao Silangan,PO BOX 27025,6076316306,hkaye2t@buzzfeed.com,Obstetric
Myrtle,Brannan,Chapleo,57,Female,San Andres,Lucena City,Barangay 1 (Poblacion),195 MARKET STREET,1186687827,mchapleo2u@examiner.com,Obstetric
See,Naden,Lyttle,77,Male,San Antonio,Lucena City,Ilayang Talim,1800 S. GLENSTONE AVE,8903456769,slyttle2v@nba.com,Pelvic
Hattie,Birkett,Handrek,76,Female,Guinayangan,Lucena City,Barangay 5 (Poblacion),324 N 4TH STREET,5712336030,hhandrek2w@tinyurl.com,Abdominal
Kenton,Juschka,Sayes,71,Male,Atimonan,Lucena City,Bocohan,7 PROMENADE GERMAINE SABLON,6935643171,ksayes2x@yahoo.com,Thyroid
Mortie,Akid,MacGruer,24,Male,Macalelon,Lucena City,Mayao Parada,1201 W AMITY,2756202452,mmacgruer2y@ustream.tv,Breast
Cyrillus,Culbard,Scriver,71,Male,Lopez,Lucena City,Barangay 5 (Poblacion),PO BOX 7009,4153666866,cscriver2z@hugedomains.com,Breast
Orella,Lassey,Theseira,92,Female,Sampaloc,Lucena City,Isabang,"St. Julien-Str., 12",2714690211,otheseira30@huffingtonpost.com,Pelvic
Andras,Godain,Braunes,16,Male,San Francisco,Lucena City,Ilayang Talim,SECOND FLOOR,2900554772,abraunes31@aol.com,Abdominal
Roger,Vivyan,Featherstonhaugh,61,Male,Jomalig,Lucena City,Barangay 2 (Poblacion),PO BOX 218,0320577031,rfeatherstonhaugh32@uol.com.br,Thyroid
Constantino,Zorn,Lilie,75,Male,Padre Burgos,Lucena City,Ransohan,Lutherstraße 2-4,7730734958,clilie33@wordpress.org,Obstetric
Bo,Welchman,Meikle,7,Male,Patnanungan,Lucena City,Barangay 11 (Poblacion),P7-PFSC-03-H,6875572664,bmeikle34@shinystat.com,Abdominal
Paul,Rudderham,Leggat,24,Male,Pitogo,Lucena City,Barangay 10 (Poblacion),29607 MAIN STREET,8211523582,pleggat35@google.com.br,Obstetric
Jade,Karet,Pavlik,92,Female,Mulanay,Lucena City,Market View,"Stadtpl., 4",5860025319,jpavlik36@japanpost.jp,Thyroid
Rocky,Stanion,Sansbury,28,Male,Mauban,Lucena City,Barangay 5 (Poblacion),"Schupstraat, 18-20",2220402339,rsansbury37@devhub.com,Abdominal
Marrissa,Tompion,Clemendet,84,Female,Calauag,Lucena City,Ibabang Iyam,345 E GRAND AVE,8592128684,mclemendet38@soup.io,Pelvic
Audry,Stathers,Fetherstonhaugh,56,Female,Lucban,Lucena City,Market View,Hauptstraße 5,6563439470,afetherstonhaugh39@dropbox.com,Thyroid
Orton,Trevett,Brame,55,Male,Mauban,Lucena City,Ransohan,436 SLATER RD,4477832699,obrame3a@columbia.edu,Abdominal
Carmencita,Etherson,Abdey,33,Female,Tagkawayan,Lucena City,Isabang,P O DRAWER 836,7806407200,cabdey3b@arstechnica.com,Pelvic
Petronille,Smalridge,Ollivier,10,Female,Polillo,Lucena City,Ransohan,110 S FERRALL STREET,8966469620,pollivier3c@nature.com,Pelvic
Steven,Paragreen,Veldman,23,Male,General Nakar,Lucena City,Barangay 5 (Poblacion),2392 N. MILWAUKEE AVE,1881680428,sveldman3d@mapquest.com,Thyroid
Ansel,Meldon,Limbrick,36,Male,Sariaya,Lucena City,Ilayang Iyam,1000 W. DICKINSON,7811839806,alimbrick3e@msn.com,Obstetric
Shana,Doerling,Scherme,75,Female,San Narciso,Lucena City,Ilayang Iyam,315 N. MAIN,3299922785,sscherme3f@goo.gl,Thyroid
Vassili,Gethin,Gregorace,44,Male,Gumaca,Lucena City,Barangay 8 (Poblacion),"Summerhill,",9065786902,vgregorace3g@nhs.uk,Pelvic
Allina,Sewall,Leicester,64,Female,Macalelon,Lucena City,Mayao Castillo,Kungsträdgårdsgatan 8,1261656571,aleicester3h@toplist.cz,Pelvic
Gisella,Kelloway,Marrow,32,Female,Calauag,Lucena City,Barangay 6 (Poblacion),Pienzenauerstraße 27,2224680775,gmarrow3i@constantcontact.com,Abdominal
Cora,Standingford,Asipenko,75,Female,Mauban,Lucena City,Barangay 10 (Poblacion),"VIA TRIESTE, 62",1588781860,casipenko3j@google.com.br,Breast
Xenia,Lewcock,Varley,36,Female,San Andres,Lucena City,Barangay 3 (Poblacion),P.O. BOX 1377,6460293139,xvarley3k@macromedia.com,Thyroid
Garrard,Aldham,Bunney,100,Male,Plaridel,Lucena City,Cotta,Rathausstraße 1a,6518957565,gbunney3l@addtoany.com,Abdominal
Rene,Coning,Bridgland,4,Male,Guinayangan,Lucena City,Isabang,Rosenheimer Straße 116,1929469837,rbridgland3m@ucla.edu,Abdominal
Billi,Armatys,Hedgeman,95,Female,Lopez,Lucena City,Bocohan,PO BOX 129,4620800449,bhedgeman3n@npr.org,Thyroid
Antonius,Satcher,Holbarrow,43,Male,San Narciso,Lucena City,Ilayang Iyam,1 PENNS WAY,2780815671,aholbarrow3o@state.gov,Abdominal
Margo,Capes,Folli,14,Female,Pitogo,Lucena City,Ilayang Dupay,2910 W. JACKSON ST,7814144795,mfolli3p@icio.us,Breast
Herby,Gisbey,Giovannini,47,Male,Agdangan,Lucena City,Ilayang Talim,100 4TH AVENUE SE,1273846397,hgiovannini3q@ameblo.jp,Obstetric
Augustin,Leeming,Adelsberg,32,Male,Dolores,Lucena City,Bocohan,PIAZZA FILIPPO MEDA 4,1033550280,aadelsberg3r@dagondesign.com,Pelvic
Cristi,Gitthouse,Fairbanks,25,Female,General Nakar,Lucena City,Barangay 2 (Poblacion),PIAZZA FILIPPO MEDA 4,6973727875,cfairbanks3s@blogger.com,Abdominal
Tamar,Meates,Skuce,43,Female,Unisan,Lucena City,Barangay 3 (Poblacion),100 PINNACLE PLACE,0866959297,tskuce3t@t-online.de,Abdominal
Bo,Leahey,Grinishin,2,Male,Tagkawayan,Lucena City,Barangay 7 (Poblacion),1604 MAIN,2962088937,bgrinishin3u@spotify.com,Breast
Aggi,Wyer,Scott,22,Non-binary,Tiaong,Lucena City,Ilayang Talim,PO BOX 27025,4291838077,ascott3v@amazon.co.jp,Obstetric
Debbie,Ord,Stocky,72,Female,Calauag,Lucena City,Cotta,212 S BROADWAY,5411884209,dstocky3w@springer.com,Pelvic
Jeanelle,Barrasse,Prandoni,56,Female,Jomalig,Lucena City,Barangay 1 (Poblacion),"PO BOX 27025, VA2-430-01-01",0582616603,jprandoni3x@amazonaws.com,Breast
Ermin,Aldren,Tremblet,45,Male,Mulanay,Lucena City,Barangay 10 (Poblacion),P.O. BOX 87003,3071564279,etremblet3y@pinterest.com,Thyroid
Eilis,Wasiel,Okill,9,Genderfluid,Gumaca,Lucena City,Ilayang Iyam,Bismarckplatz 10,9481599256,eokill3z@posterous.com,Thyroid
Kelley,Bernette,Pywell,81,Male,Gumaca,Lucena City,Barangay 8 (Poblacion),125 MAIN STREET,6041451282,kpywell40@uol.com.br,Abdominal
Guntar,Robertshaw,Grocott,35,Male,Quezon,Lucena City,Ilayang Talim,2910 W. JACKSON ST,9989611084,ggrocott41@etsy.com,Breast
Andris,Rogez,Drayton,84,Male,Quezon,Lucena City,Ibabang Dupay,"CL SAN JOSÉ DE CALASANZ, 6",1106784820,adrayton42@rediff.com,Abdominal
Serge,Sarre,Bilfoot,75,Male,Burdeos,Lucena City,Salinas,"Dorfstraße, 5 a",5739638259,sbilfoot43@howstuffworks.com,Abdominal
Holmes,Smittoune,Deehan,40,Male,Gumaca,Lucena City,Mayao Crossing,"87, Tsarigradsko Shosse Blvd.",4887875029,hdeehan44@harvard.edu,Obstetric
Evin,Renzini,Durtnall,26,Male,Sampaloc,Lucena City,Barangay 8 (Poblacion),Meister-Eckehart-Straße 3,2008293076,edurtnall45@360.cn,Pelvic
